Workbook

Sheet General information
A1: Geselecteerde locaties:
A3: Locations: | B3: ID | C3: Naam | D3: Breedtegraad | E3: Lengtegraad
A4: 1 | B4: GEO2A_R_RWSTI362792 | C4: 035HRL021400 | D4: 52.386608 | E4: 6.289836
A5: 2 | B5: GEO2A__R_RWSTI362781 | C5: N35 na afslag Heino-Zuid ri kr N348 thv hmp 19.2 | D5: 52.400635 | E5: 6.2675862
A6: 3 | B6: POV07_N348_Hmp_64.4_Re_HTN348 | C6: Westdorplaan - N756 | D6: 52.38065 | E6: 6.2590389
K14: 8044 | L14: 8714 | M14: 5961 | O14: 5694 | P14: 6484 | Q14: 4540 | S14: 6982 | T14: 8149 | U14: 5116 | W14: 8044 | X14: 8714 | Y14: 5961 | AA14: 5694 | AB14: 6484 | AC14: 4540 | AE14: 6982 | AF14: 8149 | AG14: 5116
K15: 8319 | L15: 9475 | M15: 6366 | O15: 6300 | P15: 7987 | Q15: 5441 | S15: 10621 | T15: 10731 | U15: 7171 | W15: 8272 | X15: 9125 | Y15: 5524 | AA15: 7287 | AB15: 10407 | AC15: 5961 | AE15: 10454 | AF15: 10716 | AG15: 7127
K16: =K15-K14 -> 275 | L16: =L15-L14 -> 761 | M16: =M15-M14 -> 405 | O16: =O15-O14 -> 606 | P16: =P15-P14 -> 1503 | Q16: =Q15-Q14 -> 901 | S16: =S15-S14 -> 3639 | T16: =T15-T14 -> 2582 | U16: =U15-U14 -> 2055 | W16: =W15-W14 -> 228 | X16: =X15-X14 -> 411 | Y16: =Y15-Y14 -> -437 | AA16: =AA15-AA14 -> 1593 | AB16: =AB15-AB14 -> 3923 | AC16: =AC15-AC14 -> 1421 | AE16: =AE15-AE14 -> 3472 | AF16: =AF15-AF14 -> 2567 | AG16: =AG15-AG14 -> 2011

Sheet 07-06 - 09-06
A1: 46180 | F1: 46181 | J1: 46182
A4: Location: | B4: 1 | C4: 2 | D4: 3 | F4: 1 | G4: 2 | H4: 3 | J4: 1 | K4: 2 | L4: 3
A6: Hour of the day | B6: Vehicle count
A7: 00:00 - 00:59 | B7: 117 | C7: 121 | D7: 89 | F7: 162 | G7: 159 | H7: 84 | J7: 86 | K7: 80 | L7: 43
A8: 01:00 - 01:59 | B8: 52 | C8: 65 | D8: 40 | F8: 94 | G8: 75 | H8: 72 | J8: 75 | K8: 45 | L8: 19
A9: 02:00 - 02:59 | B9: 33 | C9: 36 | D9: 22 | F9: 51 | G9: 51 | H9: 30 | J9: 31 | K9: 21 | L9: 10
A10: 03:00 - 03:59 | B10: 22 | C10: 22 | D10: 18 | F10: 23 | G10: 27 | H10: 12 | J10: 21 | K10: 8 | L10: 12
A11: 04:00 - 04:59 | B11: 54 | C11: 52 | D11: 17 | F11: 17 | G11: 21 | H11: 4 | J11: 23 | K11: 16 | L11: 13
A12: 05:00 - 05:59 | B12: 67 | C12: 48 | D12: 28 | F12: 32 | G12: 26 | H12: 12 | J12: 43 | K12: 31 | L12: 36
A13: 06:00 - 06:59 | B13: 108 | C13: 111 | D13: 64 | F13: 61 | G13: 48 | H13: 25 | J13: 52 | K13: 78 | L13: 53
A14: 07:00 - 07:59 | B14: 189 | C14: 234 | D14: 134 | F14: 50 | G14: 60 | H14: 40 | J14: 46 | K14: 99 | L14: 94
A15: 08:00 - 08:59 | B15: 288 | C15: 312 | D15: 227 | F15: 95 | G15: 95 | H15: 72 | J15: 65 | K15: 151 | L15: 145
A16: 09:00 - 09:59 | B16: 486 | C16: 469 | D16: 417 | F16: 236 | G16: 220 | H16: 202 | J16: 247 | K16: 284 | L16: 252
A17: 10:00 - 10:59 | B17: 590 | C17: 560 | D17: 478 | F17: 346 | G17: 368 | H17: 344 | J17: 408 | K17: 492 | L17: 394
A18: 11:00 - 11:59 | B18: 627 | C18: 589 | D18: 471 | F18: 384 | G18: 395 | H18: 328 | J18: 483 | K18: 533 | L18: 443
... A38: Totaal | B38: 8044 | C38: 8714 | D38: 5961 | F38: 5694 | G38: 6484 | H38: 4540 | J38: 6982 | K38: 8149 | L38: 5116

Sheet 14-06 - 16-06
A1: 46187 | F1: 46188 | J1: 46189
A4: Location | B4: 1 | C4: 2 | D4: 3 | F4: 1 | G4: 2 | H4: 3 | J4: 1 | K4: 2 | L4: 3
A6: Hour of the day | B6: Vehicle count
A7: 00:00 - 00:59 | B7: 137 | C7: 140 | D7: 77 | F7: 146 | G7: 288 | H7: 112 | J7: 34 | K7: 44 | L7: 36
A8: 01:00 - 01:59 | B8: 49 | C8: 101 | D8: 40 | F8: 66 | G8: 154 | H8: 70 | J8: 19 | K8: 21 | L8: 7
A9: 02:00 - 02:59 | B9: 24 | C9: 49 | D9: 24 | F9: 45 | G9: 59 | H9: 25 | J9: 20 | K9: 17 | L9: 8
A10: 03:00 - 03:59 | B10: 30 | C10: 29 | D10: 21 | F10: 36 | G10: 37 | H10: 10 | J10: 18 | K10: 23 | L10: 12
A11: 04:00 - 04:59 | B11: 43 | C11: 44 | D11: 27 | F11: 21 | G11: 24 | H11: 11 | J11: 49 | K11: 59 | L11: 42
A12: 05:00 - 05:59 | B12: 66 | C12: 58 | D12: 35 | F12: 29 | G12: 30 | H12: 15 | J12: 225 | K12: 137 | L12: 107
A13: 06:00 - 06:59 | B13: 147 | C13: 114 | D13: 84 | F13: 59 | G13: 53 | H13: 26 | J13: 681 | K13: 522 | L13: 373
A14: 07:00 - 07:59 | B14: 213 | C14: 221 | D14: 173 | F14: 62 | G14: 89 | H14: 64 | J14: 797 | K14: 779 | L14: 589
A15: 08:00 - 08:59 | B15: 350 | C15: 374 | D15: 349 | F15: 99 | G15: 152 | H15: 149 | J15: 806 | K15: 749 | L15: 580
A16: 09:00 - 09:59 | B16: 545 | C16: 602 | D16: 496 | F16: 231 | G16: 267 | H16: 225 | J16: 613 | K16: 612 | L16: 465
A17: 10:00 - 10:59 | B17: 632 | C17: 622 | D17: 463 | F17: 448 | G17: 510 | H17: 417 | J17: 580 | K17: 594 | L17: 410
A18: 11:00 - 11:59 | B18: 679 | C18: 618 | D18: 512 | F18: 449 | G18: 559 | H18: 428 | J18: 609 | K18: 627 | L18: 406
... A38: Totaal | B38: 8319 | C38: 9475 | D38: 6366 | F38: 6300 | G38: 7987 | H38: 5441 | J38: 10621 | K38: 10731 | L38: 7171

Sheet 21-06 - 23-06
B1: 46194 | F1: 46195 | J1: 46196
A4: Location | B4: 1 | C4: 2 | D4: 3 | F4: 1 | G4: 2 | H4: 3 | J4: 1 | K4: 2 | L4: 3
A6: Hour of the day | B6: Vehicle count
A7: 00:00 - 00:59 | B7: 91 | C7: 144 | D7: 62 | F7: 140 | G7: 153 | H7: 105 | J7: 42 | K7: 47 | L7: 22
A8: 01:00 - 01:59 | B8: 63 | C8: 86 | D8: 37 | F8: 105 | G8: 105 | H8: 89 | J8: 17 | K8: 36 | L8: 14
A9: 02:00 - 02:59 | B9: 37 | C9: 67 | D9: 19 | F9: 77 | G9: 63 | H9: 34 | J9: 11 | K9: 16 | L9: 7
A10: 03:00 - 03:59 | B10: 29 | C10: 26 | D10: 20 | F10: 47 | G10: 31 | H10: 14 | J10: 28 | K10: 34 | L10: 23
A11: 04:00 - 04:59 | B11: 51 | C11: 49 | D11: 26 | F11: 22 | G11: 24 | H11: 8 | J11: 55 | K11: 54 | L11: 34
A12: 05:00 - 05:59 | B12: 69 | C12: 68 | D12: 39 | F12: 24 | G12: 39 | H12: 15 | J12: 211 | K12: 118 | L12: 123
A13: 06:00 - 06:59 | B13: 162 | C13: 114 | D13: 62 | F13: 67 | G13: 65 | H13: 37 | J13: 683 | K13: 559 | L13: 336
A14: 07:00 - 07:59 | B14: 201 | C14: 208 | D14: 131 | F14: 66 | G14: 94 | H14: 62 | J14: 877 | K14: 781 | L14: 574
A15: 08:00 - 08:59 | B15: 376 | C15: 391 | D15: 218 | F15: 160 | G15: 172 | H15: 126 | J15: 738 | K15: 744 | L15: 566
A16: 09:00 - 09:59 | B16: 596 | C16: 559 | D16: 389 | F16: 286 | G16: 317 | H16: 351 | J16: 541 | K16: 642 | L16: 461
A17: 10:00 - 10:59 | B17: 642 | C17: 692 | D17: 449 | F17: 418 | G17: 471 | H17: 378 | J17: 615 | K17: 560 | L17: 427
A18: 11:00 - 11:59 | B18: 685 | C18: 650 | D18: 470 | F18: 764 | G18: 1065 | H18: 642 | J18: 630 | K18: 641 | L18: 425
... A38: Totaal | B38: 8272 | C38: 9125 | D38: 5524 | F38: 7287 | G38: 10407 | H38: 5961 | J38: 10454 | K38: 10716 | L38: 7127

Sheet Table 1 - Avg All
A1: Average vehicles per hour (cars/hour) — all 3 weekends (07-06, 14-06, 21-06)
A3: Hour | B3: Det1 Saturday | C3: Det2 Saturday | D3: Det3 Saturday | E3: Det1 Sunday | F3: Det2 Sunday | G3: Det3 Sunday | H3: Det1 Monday | I3: Det2 Monday | J3: Det3 Monday | K3: Avg Saturday (all det) | L3: Avg Sunday (all det) | M3: Avg Monday (all det)
A4: 0 | B4: =('07-06 - 09-06'!B7+'14-06 - 16-06'!B7+'21-06 - 23-06'!B7)/3 -> 115 | C4: =('07-06 - 09-06'!C7+'14-06 - 16-06'!C7+'21-06 - 23-06'!C7)/3 -> 135 | D4: =('07-06 - 09-06'!D7+'14-06 - 16-06'!D7+'21-06 - 23-06'!D7)/3 -> 76 | E4: =('07-06 - 09-06'!F7+'14-06 - 16-06'!F7+'21-06 - 23-06'!F7)/3 -> 149.33333 | F4: =('07-06 - 09-06'!G7+'14-06 - 16-06'!G7+'21-06 - 23-06'!G7)/3 -> 200 | G4: =('07-06 - 09-06'!H7+'14-06 - 16-06'!H7+'21-06 - 23-06'!H7)/3 -> 100.33333 | H4: =('07-06 - 09-06'!J7+'14-06 - 16-06'!J7+'21-06 - 23-06'!J7)/3 -> 54 | I4: =('07-06 - 09-06'!K7+'14-06 - 16-06'!K7+'21-06 - 23-06'!K7)/3 -> 57 | J4: =('07-06 - 09-06'!L7+'14-06 - 16-06'!L7+'21-06 - 23-06'!L7)/3 -> 33.666667 | K4: =AVERAGE(B4:D4) -> 108.66667 | L4: =AVERAGE(E4:G4) -> 149.88889 | M4: =AVERAGE(H4:J4) -> 48.222222
A5: 1 | B5: =('07-06 - 09-06'!B8+'14-06 - 16-06'!B8+'21-06 - 23-06'!B8)/3 -> 54.666667 | C5: =('07-06 - 09-06'!C8+'14-06 - 16-06'!C8+'21-06 - 23-06'!C8)/3 -> 84 | D5: =('07-06 - 09-06'!D8+'14-06 - 16-06'!D8+'21-06 - 23-06'!D8)/3 -> 39 | E5: =('07-06 - 09-06'!F8+'14-06 - 16-06'!F8+'21-06 - 23-06'!F8)/3 -> 88.333333 | F5: =('07-06 - 09-06'!G8+'14-06 - 16-06'!G8+'21-06 - 23-06'!G8)/3 -> 111.33333 | G5: =('07-06 - 09-06'!H8+'14-06 - 16-06'!H8+'21-06 - 23-06'!H8)/3 -> 77 | H5: =('07-06 - 09-06'!J8+'14-06 - 16-06'!J8+'21-06 - 23-06'!J8)/3 -> 37 | I5: =('07-06 - 09-06'!K8+'14-06 - 16-06'!K8+'21-06 - 23-06'!K8)/3 -> 34 | J5: =('07-06 - 09-06'!L8+'14-06 - 16-06'!L8+'21-06 - 23-06'!L8)/3 -> 13.333333 | K5: =AVERAGE(B5:D5) -> 59.222222 | L5: =AVERAGE(E5:G5) -> 92.222222 | M5: =AVERAGE(H5:J5) -> 28.111111
A6: 2 | B6: =('07-06 - 09-06'!B9+'14-06 - 16-06'!B9+'21-06 - 23-06'!B9)/3 -> 31.333333 | C6: =('07-06 - 09-06'!C9+'14-06 - 16-06'!C9+'21-06 - 23-06'!C9)/3 -> 50.666667 | D6: =('07-06 - 09-06'!D9+'14-06 - 16-06'!D9+'21-06 - 23-06'!D9)/3 -> 21.666667 | E6: =('07-06 - 09-06'!F9+'14-06 - 16-06'!F9+'21-06 - 23-06'!F9)/3 -> 57.666667 | F6: =('07-06 - 09-06'!G9+'14-06 - 16-06'!G9+'21-06 - 23-06'!G9)/3 -> 57.666667 | G6: =('07-06 - 09-06'!H9+'14-06 - 16-06'!H9+'21-06 - 23-06'!H9)/3 -> 29.666667 | H6: =('07-06 - 09-06'!J9+'14-06 - 16-06'!J9+'21-06 - 23-06'!J9)/3 -> 20.666667 | I6: =('07-06 - 09-06'!K9+'14-06 - 16-06'!K9+'21-06 - 23-06'!K9)/3 -> 18 | J6: =('07-06 - 09-06'!L9+'14-06 - 16-06'!L9+'21-06 - 23-06'!L9)/3 -> 8.3333333 | K6: =AVERAGE(B6:D6) -> 34.555556 | L6: =AVERAGE(E6:G6) -> 48.333333 | M6: =AVERAGE(H6:J6) -> 15.666667
A7: 3 | B7: =('07-06 - 09-06'!B10+'14-06 - 16-06'!B10+'21-06 - 23-06'!B10)/3 -> 27 | C7: =('07-06 - 09-06'!C10+'14-06 - 16-06'!C10+'21-06 - 23-06'!C10)/3 -> 25.666667 | D7: =('07-06 - 09-06'!D10+'14-06 - 16-06'!D10+'21-06 - 23-06'!D10)/3 -> 19.666667 | E7: =('07-06 - 09-06'!F10+'14-06 - 16-06'!F10+'21-06 - 23-06'!F10)/3 -> 35.333333 | F7: =('07-06 - 09-06'!G10+'14-06 - 16-06'!G10+'21-06 - 23-06'!G10)/3 -> 31.666667 | G7: =('07-06 - 09-06'!H10+'14-06 - 16-06'!H10+'21-06 - 23-06'!H10)/3 -> 12 | H7: =('07-06 - 09-06'!J10+'14-06 - 16-06'!J10+'21-06 - 23-06'!J10)/3 -> 22.333333 | I7: =('07-06 - 09-06'!K10+'14-06 - 16-06'!K10+'21-06 - 23-06'!K10)/3 -> 21.666667 | J7: =('07-06 - 09-06'!L10+'14-06 - 16-06'!L10+'21-06 - 23-06'!L10)/3 -> 15.666667 | K7: =AVERAGE(B7:D7) -> 24.111111 | L7: =AVERAGE(E7:G7) -> 26.333333 | M7: =AVERAGE(H7:J7) -> 19.888889
A8: 4 | B8: =('07-06 - 09-06'!B11+'14-06 - 16-06'!B11+'21-06 - 23-06'!B11)/3 -> 49.333333 | C8: =('07-06 - 09-06'!C11+'14-06 - 16-06'!C11+'21-06 - 23-06'!C11)/3 -> 48.333333 | D8: =('07-06 - 09-06'!D11+'14-06 - 16-06'!D11+'21-06 - 23-06'!D11)/3 -> 23.333333 | E8: =('07-06 - 09-06'!F11+'14-06 - 16-06'!F11+'21-06 - 23-06'!F11)/3 -> 20 | F8: =('07-06 - 09-06'!G11+'14-06 - 16-06'!G11+'21-06 - 23-06'!G11)/3 -> 23 | G8: =('07-06 - 09-06'!H11+'14-06 - 16-06'!H11+'21-06 - 23-06'!H11)/3 -> 7.6666667 | H8: =('07-06 - 09-06'!J11+'14-06 - 16-06'!J11+'21-06 - 23-06'!J11)/3 -> 42.333333 | I8: =('07-06 - 09-06'!K11+'14-06 - 16-06'!K11+'21-06 - 23-06'!K11)/3 -> 43 | J8: =('07-06 - 09-06'!L11+'14-06 - 16-06'!L11+'21-06 - 23-06'!L11)/3 -> 29.666667 | K8: =AVERAGE(B8:D8) -> 40.333333 | L8: =AVERAGE(E8:G8) -> 16.888889 | M8: =AVERAGE(H8:J8) -> 38.333333
A9: 5 | B9: =('07-06 - 09-06'!B12+'14-06 - 16-06'!B12+'21-06 - 23-06'!B12)/3 -> 67.333333 | C9: =('07-06 - 09-06'!C12+'14-06 - 16-06'!C12+'21-06 - 23-06'!C12)/3 -> 58 | D9: =('07-06 - 09-06'!D12+'14-06 - 16-06'!D12+'21-06 - 23-06'!D12)/3 -> 34 | E9: =('07-06 - 09-06'!F12+'14-06 - 16-06'!F12+'21-06 - 23-06'!F12)/3 -> 28.333333 | F9: =('07-06 - 09-06'!G12+'14-06 - 16-06'!G12+'21-06 - 23-06'!G12)/3 -> 31.666667 | G9: =('07-06 - 09-06'!H12+'14-06 - 16-06'!H12+'21-06 - 23-06'!H12)/3 -> 14 | H9: =('07-06 - 09-06'!J12+'14-06 - 16-06'!J12+'21-06 - 23-06'!J12)/3 -> 159.66667 | I9: =('07-06 - 09-06'!K12+'14-06 - 16-06'!K12+'21-06 - 23-06'!K12)/3 -> 95.333333 | J9: =('07-06 - 09-06'!L12+'14-06 - 16-06'!L12+'21-06 - 23-06'!L12)/3 -> 88.666667 | K9: =AVERAGE(B9:D9) -> 53.111111 | L9: =AVERAGE(E9:G9) -> 24.666667 | M9: =AVERAGE(H9:J9) -> 114.55556
A10: 6 | B10: =('07-06 - 09-06'!B13+'14-06 - 16-06'!B13+'21-06 - 23-06'!B13)/3 -> 139 | C10: =('07-06 - 09-06'!C13+'14-06 - 16-06'!C13+'21-06 - 23-06'!C13)/3 -> 113 | D10: =('07-06 - 09-06'!D13+'14-06 - 16-06'!D13+'21-06 - 23-06'!D13)/3 -> 70 | E10: =('07-06 - 09-06'!F13+'14-06 - 16-06'!F13+'21-06 - 23-06'!F13)/3 -> 62.333333 | F10: =('07-06 - 09-06'!G13+'14-06 - 16-06'!G13+'21-06 - 23-06'!G13)/3 -> 55.333333 | G10: =('07-06 - 09-06'!H13+'14-06 - 16-06'!H13+'21-06 - 23-06'!H13)/3 -> 29.333333 | H10: =('07-06 - 09-06'!J13+'14-06 - 16-06'!J13+'21-06 - 23-06'!J13)/3 -> 472 | I10: =('07-06 - 09-06'!K13+'14-06 - 16-06'!K13+'21-06 - 23-06'!K13)/3 -> 386.33333 | J10: =('07-06 - 09-06'!L13+'14-06 - 16-06'!L13+'21-06 - 23-06'!L13)/3 -> 254 | K10: =AVERAGE(B10:D10) -> 107.33333 | L10: =AVERAGE(E10:G10) -> 49 | M10: =AVERAGE(H10:J10) -> 370.77778
A11: 7 | B11: =('07-06 - 09-06'!B14+'14-06 - 16-06'!B14+'21-06 - 23-06'!B14)/3 -> 201 | C11: =('07-06 - 09-06'!C14+'14-06 - 16-06'!C14+'21-06 - 23-06'!C14)/3 -> 221 | D11: =('07-06 - 09-06'!D14+'14-06 - 16-06'!D14+'21-06 - 23-06'!D14)/3 -> 146 | E11: =('07-06 - 09-06'!F14+'14-06 - 16-06'!F14+'21-06 - 23-06'!F14)/3 -> 59.333333 | F11: =('07-06 - 09-06'!G14+'14-06 - 16-06'!G14+'21-06 - 23-06'!G14)/3 -> 81 | G11: =('07-06 - 09-06'!H14+'14-06 - 16-06'!H14+'21-06 - 23-06'!H14)/3 -> 55.333333 | H11: =('07-06 - 09-06'!J14+'14-06 - 16-06'!J14+'21-06 - 23-06'!J14)/3 -> 573.33333 | I11: =('07-06 - 09-06'!K14+'14-06 - 16-06'!K14+'21-06 - 23-06'!K14)/3 -> 553 | J11: =('07-06 - 09-06'!L14+'14-06 - 16-06'!L14+'21-06 - 23-06'!L14)/3 -> 419 | K11: =AVERAGE(B11:D11) -> 189.33333 | L11: =AVERAGE(E11:G11) -> 65.222222 | M11: =AVERAGE(H11:J11) -> 515.11111
A12: 8 | B12: =('07-06 - 09-06'!B15+'14-06 - 16-06'!B15+'21-06 - 23-06'!B15)/3 -> 338 | C12: =('07-06 - 09-06'!C15+'14-06 - 16-06'!C15+'21-06 - 23-06'!C15)/3 -> 359 | D12: =('07-06 - 09-06'!D15+'14-06 - 16-06'!D15+'21-06 - 23-06'!D15)/3 -> 264.66667 | E12: =('07-06 - 09-06'!F15+'14-06 - 16-06'!F15+'21-06 - 23-06'!F15)/3 -> 118 | F12: =('07-06 - 09-06'!G15+'14-06 - 16-06'!G15+'21-06 - 23-06'!G15)/3 -> 139.66667 | G12: =('07-06 - 09-06'!H15+'14-06 - 16-06'!H15+'21-06 - 23-06'!H15)/3 -> 115.66667 | H12: =('07-06 - 09-06'!J15+'14-06 - 16-06'!J15+'21-06 - 23-06'!J15)/3 -> 536.33333 | I12: =('07-06 - 09-06'!K15+'14-06 - 16-06'!K15+'21-06 - 23-06'!K15)/3 -> 548 | J12: =('07-06 - 09-06'!L15+'14-06 - 16-06'!L15+'21-06 - 23-06'!L15)/3 -> 430.33333 | K12: =AVERAGE(B12:D12) -> 320.55556 | L12: =AVERAGE(E12:G12) -> 124.44444 | M12: =AVERAGE(H12:J12) -> 504.88889
A13: 9 | B13: =('07-06 - 09-06'!B16+'14-06 - 16-06'!B16+'21-06 - 23-06'!B16)/3 -> 542.33333 | C13: =('07-06 - 09-06'!C16+'14-06 - 16-06'!C16+'21-06 - 23-06'!C16)/3 -> 543.33333 | D13: =('07-06 - 09-06'!D16+'14-06 - 16-06'!D16+'21-06 - 23-06'!D16)/3 -> 434 | E13: =('07-06 - 09-06'!F16+'14-06 - 16-06'!F16+'21-06 - 23-06'!F16)/3 -> 251 | F13: =('07-06 - 09-06'!G16+'14-06 - 16-06'!G16+'21-06 - 23-06'!G16)/3 -> 268 | G13: =('07-06 - 09-06'!H16+'14-06 - 16-06'!H16+'21-06 - 23-06'!H16)/3 -> 259.33333 | H13: =('07-06 - 09-06'!J16+'14-06 - 16-06'!J16+'21-06 - 23-06'!J16)/3 -> 467 | I13: =('07-06 - 09-06'!K16+'14-06 - 16-06'!K16+'21-06 - 23-06'!K16)/3 -> 512.66667 | J13: =('07-06 - 09-06'!L16+'14-06 - 16-06'!L16+'21-06 - 23-06'!L16)/3 -> 392.66667 | K13: =AVERAGE(B13:D13) -> 506.55556 | L13: =AVERAGE(E13:G13) -> 259.44444 | M13: =AVERAGE(H13:J13) -> 457.44444
A14: 10 | B14: =('07-06 - 09-06'!B17+'14-06 - 16-06'!B17+'21-06 - 23-06'!B17)/3 -> 621.33333 | C14: =('07-06 - 09-06'!C17+'14-06 - 16-06'!C17+'21-06 - 23-06'!C17)/3 -> 624.66667 | D14: =('07-06 - 09-06'!D17+'14-06 - 16-06'!D17+'21-06 - 23-06'!D17)/3 -> 463.33333 | E14: =('07-06 - 09-06'!F17+'14-06 - 16-06'!F17+'21-06 - 23-06'!F17)/3 -> 404 | F14: =('07-06 - 09-06'!G17+'14-06 - 16-06'!G17+'21-06 - 23-06'!G17)/3 -> 449.66667 | G14: =('07-06 - 09-06'!H17+'14-06 - 16-06'!H17+'21-06 - 23-06'!H17)/3 -> 379.66667 | H14: =('07-06 - 09-06'!J17+'14-06 - 16-06'!J17+'21-06 - 23-06'!J17)/3 -> 534.33333 | I14: =('07-06 - 09-06'!K17+'14-06 - 16-06'!K17+'21-06 - 23-06'!K17)/3 -> 548.66667 | J14: =('07-06 - 09-06'!L17+'14-06 - 16-06'!L17+'21-06 - 23-06'!L17)/3 -> 410.33333 | K14: =AVERAGE(B14:D14) -> 569.77778 | L14: =AVERAGE(E14:G14) -> 411.11111 | M14: =AVERAGE(H14:J14) -> 497.77778
A15: 11 | B15: =('07-06 - 09-06'!B18+'14-06 - 16-06'!B18+'21-06 - 23-06'!B18)/3 -> 663.66667 | C15: =('07-06 - 09-06'!C18+'14-06 - 16-06'!C18+'21-06 - 23-06'!C18)/3 -> 619 | D15: =('07-06 - 09-06'!D18+'14-06 - 16-06'!D18+'21-06 - 23-06'!D18)/3 -> 484.33333 | E15: =('07-06 - 09-06'!F18+'14-06 - 16-06'!F18+'21-06 - 23-06'!F18)/3 -> 532.33333 | F15: =('07-06 - 09-06'!G18+'14-06 - 16-06'!G18+'21-06 - 23-06'!G18)/3 -> 673 | G15: =('07-06 - 09-06'!H18+'14-06 - 16-06'!H18+'21-06 - 23-06'!H18)/3 -> 466 | H15: =('07-06 - 09-06'!J18+'14-06 - 16-06'!J18+'21-06 - 23-06'!J18)/3 -> 574 | I15: =('07-06 - 09-06'!K18+'14-06 - 16-06'!K18+'21-06 - 23-06'!K18)/3 -> 600.33333 | J15: =('07-06 - 09-06'!L18+'14-06 - 16-06'!L18+'21-06 - 23-06'!L18)/3 -> 424.66667 | K15: =AVERAGE(B15:D15) -> 589 | L15: =AVERAGE(E15:G15) -> 557.11111 | M15: =AVERAGE(H15:J15) -> 533
... A27: 23 | B27: =('07-06 - 09-06'!B30+'14-06 - 16-06'!B30+'21-06 - 23-06'!B30)/3 -> 170 | C27: =('07-06 - 09-06'!C30+'14-06 - 16-06'!C30+'21-06 - 23-06'!C30)/3 -> 249.66667 | D27: =('07-06 - 09-06'!D30+'14-06 - 16-06'!D30+'21-06 - 23-06'!D30)/3 -> 119.66667 | E27: =('07-06 - 09-06'!F30+'14-06 - 16-06'!F30+'21-06 - 23-06'!F30)/3 -> 110.66667 | F27: =('07-06 - 09-06'!G30+'14-06 - 16-06'!G30+'21-06 - 23-06'!G30)/3 -> 107.66667 | G27: =('07-06 - 09-06'!H30+'14-06 - 16-06'!H30+'21-06 - 23-06'!H30)/3 -> 52.666667 | H27: =('07-06 - 09-06'!J30+'14-06 - 16-06'!J30+'21-06 - 23-06'!J30)/3 -> 78.666667 | I27: =('07-06 - 09-06'!K30+'14-06 - 16-06'!K30+'21-06 - 23-06'!K30)/3 -> 119.66667 | J27: =('07-06 - 09-06'!L30+'14-06 - 16-06'!L30+'21-06 - 23-06'!L30)/3 -> 64.333333 | K27: =AVERAGE(B27:D27) -> 179.77778 | L27: =AVERAGE(E27:G27) -> 90.333333 | M27: =AVERAGE(H27:J27) -> 87.555556

Sheet Table 2 - Avg Wknd2-3
A1: Average vehicles per hour (cars/hour) — weekends 14-06 & 21-06 only
A3: Hour | B3: Det1 Saturday | C3: Det2 Saturday | D3: Det3 Saturday | E3: Det1 Sunday | F3: Det2 Sunday | G3: Det3 Sunday | H3: Det1 Monday | I3: Det2 Monday | J3: Det3 Monday | K3: Avg Saturday (all det) | L3: Avg Sunday (all det) | M3: Avg Monday (all det)
A4: 0 | B4: =('14-06 - 16-06'!B7+'21-06 - 23-06'!B7)/2 -> 114 | C4: =('14-06 - 16-06'!C7+'21-06 - 23-06'!C7)/2 -> 142 | D4: =('14-06 - 16-06'!D7+'21-06 - 23-06'!D7)/2 -> 69.5 | E4: =('14-06 - 16-06'!F7+'21-06 - 23-06'!F7)/2 -> 143 | F4: =('14-06 - 16-06'!G7+'21-06 - 23-06'!G7)/2 -> 220.5 | G4: =('14-06 - 16-06'!H7+'21-06 - 23-06'!H7)/2 -> 108.5 | H4: =('14-06 - 16-06'!J7+'21-06 - 23-06'!J7)/2 -> 38 | I4: =('14-06 - 16-06'!K7+'21-06 - 23-06'!K7)/2 -> 45.5 | J4: =('14-06 - 16-06'!L7+'21-06 - 23-06'!L7)/2 -> 29 | K4: =AVERAGE(B4:D4) -> 108.5 | L4: =AVERAGE(E4:G4) -> 157.33333 | M4: =AVERAGE(H4:J4) -> 37.5
A5: 1 | B5: =('14-06 - 16-06'!B8+'21-06 - 23-06'!B8)/2 -> 56 | C5: =('14-06 - 16-06'!C8+'21-06 - 23-06'!C8)/2 -> 93.5 | D5: =('14-06 - 16-06'!D8+'21-06 - 23-06'!D8)/2 -> 38.5 | E5: =('14-06 - 16-06'!F8+'21-06 - 23-06'!F8)/2 -> 85.5 | F5: =('14-06 - 16-06'!G8+'21-06 - 23-06'!G8)/2 -> 129.5 | G5: =('14-06 - 16-06'!H8+'21-06 - 23-06'!H8)/2 -> 79.5 | H5: =('14-06 - 16-06'!J8+'21-06 - 23-06'!J8)/2 -> 18 | I5: =('14-06 - 16-06'!K8+'21-06 - 23-06'!K8)/2 -> 28.5 | J5: =('14-06 - 16-06'!L8+'21-06 - 23-06'!L8)/2 -> 10.5 | K5: =AVERAGE(B5:D5) -> 62.666667 | L5: =AVERAGE(E5:G5) -> 98.166667 | M5: =AVERAGE(H5:J5) -> 19
A6: 2 | B6: =('14-06 - 16-06'!B9+'21-06 - 23-06'!B9)/2 -> 30.5 | C6: =('14-06 - 16-06'!C9+'21-06 - 23-06'!C9)/2 -> 58 | D6: =('14-06 - 16-06'!D9+'21-06 - 23-06'!D9)/2 -> 21.5 | E6: =('14-06 - 16-06'!F9+'21-06 - 23-06'!F9)/2 -> 61 | F6: =('14-06 - 16-06'!G9+'21-06 - 23-06'!G9)/2 -> 61 | G6: =('14-06 - 16-06'!H9+'21-06 - 23-06'!H9)/2 -> 29.5 | H6: =('14-06 - 16-06'!J9+'21-06 - 23-06'!J9)/2 -> 15.5 | I6: =('14-06 - 16-06'!K9+'21-06 - 23-06'!K9)/2 -> 16.5 | J6: =('14-06 - 16-06'!L9+'21-06 - 23-06'!L9)/2 -> 7.5 | K6: =AVERAGE(B6:D6) -> 36.666667 | L6: =AVERAGE(E6:G6) -> 50.5 | M6: =AVERAGE(H6:J6) -> 13.166667
A7: 3 | B7: =('14-06 - 16-06'!B10+'21-06 - 23-06'!B10)/2 -> 29.5 | C7: =('14-06 - 16-06'!C10+'21-06 - 23-06'!C10)/2 -> 27.5 | D7: =('14-06 - 16-06'!D10+'21-06 - 23-06'!D10)/2 -> 20.5 | E7: =('14-06 - 16-06'!F10+'21-06 - 23-06'!F10)/2 -> 41.5 | F7: =('14-06 - 16-06'!G10+'21-06 - 23-06'!G10)/2 -> 34 | G7: =('14-06 - 16-06'!H10+'21-06 - 23-06'!H10)/2 -> 12 | H7: =('14-06 - 16-06'!J10+'21-06 - 23-06'!J10)/2 -> 23 | I7: =('14-06 - 16-06'!K10+'21-06 - 23-06'!K10)/2 -> 28.5 | J7: =('14-06 - 16-06'!L10+'21-06 - 23-06'!L10)/2 -> 17.5 | K7: =AVERAGE(B7:D7) -> 25.833333 | L7: =AVERAGE(E7:G7) -> 29.166667 | M7: =AVERAGE(H7:J7) -> 23
A8: 4 | B8: =('14-06 - 16-06'!B11+'21-06 - 23-06'!B11)/2 -> 47 | C8: =('14-06 - 16-06'!C11+'21-06 - 23-06'!C11)/2 -> 46.5 | D8: =('14-06 - 16-06'!D11+'21-06 - 23-06'!D11)/2 -> 26.5 | E8: =('14-06 - 16-06'!F11+'21-06 - 23-06'!F11)/2 -> 21.5 | F8: =('14-06 - 16-06'!G11+'21-06 - 23-06'!G11)/2 -> 24 | G8: =('14-06 - 16-06'!H11+'21-06 - 23-06'!H11)/2 -> 9.5 | H8: =('14-06 - 16-06'!J11+'21-06 - 23-06'!J11)/2 -> 52 | I8: =('14-06 - 16-06'!K11+'21-06 - 23-06'!K11)/2 -> 56.5 | J8: =('14-06 - 16-06'!L11+'21-06 - 23-06'!L11)/2 -> 38 | K8: =AVERAGE(B8:D8) -> 40 | L8: =AVERAGE(E8:G8) -> 18.333333 | M8: =AVERAGE(H8:J8) -> 48.833333
A9: 5 | B9: =('14-06 - 16-06'!B12+'21-06 - 23-06'!B12)/2 -> 67.5 | C9: =('14-06 - 16-06'!C12+'21-06 - 23-06'!C12)/2 -> 63 | D9: =('14-06 - 16-06'!D12+'21-06 - 23-06'!D12)/2 -> 37 | E9: =('14-06 - 16-06'!F12+'21-06 - 23-06'!F12)/2 -> 26.5 | F9: =('14-06 - 16-06'!G12+'21-06 - 23-06'!G12)/2 -> 34.5 | G9: =('14-06 - 16-06'!H12+'21-06 - 23-06'!H12)/2 -> 15 | H9: =('14-06 - 16-06'!J12+'21-06 - 23-06'!J12)/2 -> 218 | I9: =('14-06 - 16-06'!K12+'21-06 - 23-06'!K12)/2 -> 127.5 | J9: =('14-06 - 16-06'!L12+'21-06 - 23-06'!L12)/2 -> 115 | K9: =AVERAGE(B9:D9) -> 55.833333 | L9: =AVERAGE(E9:G9) -> 25.333333 | M9: =AVERAGE(H9:J9) -> 153.5
A10: 6 | B10: =('14-06 - 16-06'!B13+'21-06 - 23-06'!B13)/2 -> 154.5 | C10: =('14-06 - 16-06'!C13+'21-06 - 23-06'!C13)/2 -> 114 | D10: =('14-06 - 16-06'!D13+'21-06 - 23-06'!D13)/2 -> 73 | E10: =('14-06 - 16-06'!F13+'21-06 - 23-06'!F13)/2 -> 63 | F10: =('14-06 - 16-06'!G13+'21-06 - 23-06'!G13)/2 -> 59 | G10: =('14-06 - 16-06'!H13+'21-06 - 23-06'!H13)/2 -> 31.5 | H10: =('14-06 - 16-06'!J13+'21-06 - 23-06'!J13)/2 -> 682 | I10: =('14-06 - 16-06'!K13+'21-06 - 23-06'!K13)/2 -> 540.5 | J10: =('14-06 - 16-06'!L13+'21-06 - 23-06'!L13)/2 -> 354.5 | K10: =AVERAGE(B10:D10) -> 113.83333 | L10: =AVERAGE(E10:G10) -> 51.166667 | M10: =AVERAGE(H10:J10) -> 525.66667
A11: 7 | B11: =('14-06 - 16-06'!B14+'21-06 - 23-06'!B14)/2 -> 207 | C11: =('14-06 - 16-06'!C14+'21-06 - 23-06'!C14)/2 -> 214.5 | D11: =('14-06 - 16-06'!D14+'21-06 - 23-06'!D14)/2 -> 152 | E11: =('14-06 - 16-06'!F14+'21-06 - 23-06'!F14)/2 -> 64 | F11: =('14-06 - 16-06'!G14+'21-06 - 23-06'!G14)/2 -> 91.5 | G11: =('14-06 - 16-06'!H14+'21-06 - 23-06'!H14)/2 -> 63 | H11: =('14-06 - 16-06'!J14+'21-06 - 23-06'!J14)/2 -> 837 | I11: =('14-06 - 16-06'!K14+'21-06 - 23-06'!K14)/2 -> 780 | J11: =('14-06 - 16-06'!L14+'21-06 - 23-06'!L14)/2 -> 581.5 | K11: =AVERAGE(B11:D11) -> 191.16667 | L11: =AVERAGE(E11:G11) -> 72.833333 | M11: =AVERAGE(H11:J11) -> 732.83333
A12: 8 | B12: =('14-06 - 16-06'!B15+'21-06 - 23-06'!B15)/2 -> 363 | C12: =('14-06 - 16-06'!C15+'21-06 - 23-06'!C15)/2 -> 382.5 | D12: =('14-06 - 16-06'!D15+'21-06 - 23-06'!D15)/2 -> 283.5 | E12: =('14-06 - 16-06'!F15+'21-06 - 23-06'!F15)/2 -> 129.5 | F12: =('14-06 - 16-06'!G15+'21-06 - 23-06'!G15)/2 -> 162 | G12: =('14-06 - 16-06'!H15+'21-06 - 23-06'!H15)/2 -> 137.5 | H12: =('14-06 - 16-06'!J15+'21-06 - 23-06'!J15)/2 -> 772 | I12: =('14-06 - 16-06'!K15+'21-06 - 23-06'!K15)/2 -> 746.5 | J12: =('14-06 - 16-06'!L15+'21-06 - 23-06'!L15)/2 -> 573 | K12: =AVERAGE(B12:D12) -> 343 | L12: =AVERAGE(E12:G12) -> 143 | M12: =AVERAGE(H12:J12) -> 697.16667
A13: 9 | B13: =('14-06 - 16-06'!B16+'21-06 - 23-06'!B16)/2 -> 570.5 | C13: =('14-06 - 16-06'!C16+'21-06 - 23-06'!C16)/2 -> 580.5 | D13: =('14-06 - 16-06'!D16+'21-06 - 23-06'!D16)/2 -> 442.5 | E13: =('14-06 - 16-06'!F16+'21-06 - 23-06'!F16)/2 -> 258.5 | F13: =('14-06 - 16-06'!G16+'21-06 - 23-06'!G16)/2 -> 292 | G13: =('14-06 - 16-06'!H16+'21-06 - 23-06'!H16)/2 -> 288 | H13: =('14-06 - 16-06'!J16+'21-06 - 23-06'!J16)/2 -> 577 | I13: =('14-06 - 16-06'!K16+'21-06 - 23-06'!K16)/2 -> 627 | J13: =('14-06 - 16-06'!L16+'21-06 - 23-06'!L16)/2 -> 463 | K13: =AVERAGE(B13:D13) -> 531.16667 | L13: =AVERAGE(E13:G13) -> 279.5 | M13: =AVERAGE(H13:J13) -> 555.66667
A14: 10 | B14: =('14-06 - 16-06'!B17+'21-06 - 23-06'!B17)/2 -> 637 | C14: =('14-06 - 16-06'!C17+'21-06 - 23-06'!C17)/2 -> 657 | D14: =('14-06 - 16-06'!D17+'21-06 - 23-06'!D17)/2 -> 456 | E14: =('14-06 - 16-06'!F17+'21-06 - 23-06'!F17)/2 -> 433 | F14: =('14-06 - 16-06'!G17+'21-06 - 23-06'!G17)/2 -> 490.5 | G14: =('14-06 - 16-06'!H17+'21-06 - 23-06'!H17)/2 -> 397.5 | H14: =('14-06 - 16-06'!J17+'21-06 - 23-06'!J17)/2 -> 597.5 | I14: =('14-06 - 16-06'!K17+'21-06 - 23-06'!K17)/2 -> 577 | J14: =('14-06 - 16-06'!L17+'21-06 - 23-06'!L17)/2 -> 418.5 | K14: =AVERAGE(B14:D14) -> 583.33333 | L14: =AVERAGE(E14:G14) -> 440.33333 | M14: =AVERAGE(H14:J14) -> 531
A15: 11 | B15: =('14-06 - 16-06'!B18+'21-06 - 23-06'!B18)/2 -> 682 | C15: =('14-06 - 16-06'!C18+'21-06 - 23-06'!C18)/2 -> 634 | D15: =('14-06 - 16-06'!D18+'21-06 - 23-06'!D18)/2 -> 491 | E15: =('14-06 - 16-06'!F18+'21-06 - 23-06'!F18)/2 -> 606.5 | F15: =('14-06 - 16-06'!G18+'21-06 - 23-06'!G18)/2 -> 812 | G15: =('14-06 - 16-06'!H18+'21-06 - 23-06'!H18)/2 -> 535 | H15: =('14-06 - 16-06'!J18+'21-06 - 23-06'!J18)/2 -> 619.5 | I15: =('14-06 - 16-06'!K18+'21-06 - 23-06'!K18)/2 -> 634 | J15: =('14-06 - 16-06'!L18+'21-06 - 23-06'!L18)/2 -> 415.5 | K15: =AVERAGE(B15:D15) -> 602.33333 | L15: =AVERAGE(E15:G15) -> 651.16667 | M15: =AVERAGE(H15:J15) -> 556.33333
... A27: 23 | B27: =('14-06 - 16-06'!B30+'21-06 - 23-06'!B30)/2 -> 174.5 | C27: =('14-06 - 16-06'!C30+'21-06 - 23-06'!C30)/2 -> 267 | D27: =('14-06 - 16-06'!D30+'21-06 - 23-06'!D30)/2 -> 121 | E27: =('14-06 - 16-06'!F30+'21-06 - 23-06'!F30)/2 -> 80 | F27: =('14-06 - 16-06'!G30+'21-06 - 23-06'!G30)/2 -> 100.5 | G27: =('14-06 - 16-06'!H30+'21-06 - 23-06'!H30)/2 -> 50.5 | H27: =('14-06 - 16-06'!J30+'21-06 - 23-06'!J30)/2 -> 76 | I27: =('14-06 - 16-06'!K30+'21-06 - 23-06'!K30)/2 -> 116.5 | J27: =('14-06 - 16-06'!L30+'21-06 - 23-06'!L30)/2 -> 72.5 | K27: =AVERAGE(B27:D27) -> 187.5 | L27: =AVERAGE(E27:G27) -> 77 | M27: =AVERAGE(H27:J27) -> 88.333333

Sheet Detector Positions
A1: Loop detector positions
A3: Detector | B3: ID | C3: Name | D3: Latitude | E3: Longitude
A4: 1 | B4: ='General information'!B4 -> GEO2A_R_RWSTI362792 | C4: ='General information'!C4 -> 035HRL021400 | D4: ='General information'!D4 -> 52.386608 | E4: ='General information'!E4 -> 6.289836
A5: 2 | B5: ='General information'!B5 -> GEO2A__R_RWSTI362781 | C5: ='General information'!C5 -> N35 na afslag Heino-Zuid ri kr N348 thv hmp 19.2 | D5: ='General information'!D5 -> 52.400635 | E5: ='General information'!E5 -> 6.2675862
A6: 3 | B6: ='General information'!B6 -> POV07_N348_Hmp_64.4_Re_HTN348 | C6: ='General information'!C6 -> Westdorplaan - N756 | D6: ='General information'!D6 -> 52.38065 | E6: ='General information'!E6 -> 6.2590389
